{"boundaryID": "RWA-ADM0-41251308", "boundaryISO": "RWA", "boundaryYear": "2021", "boundaryType": "ADM0", "boundarySource": "Sentinel-2 10-Meter Land Use/LandCover", "boundaryCanonical": "The Republic of Rwanda", "boundaryLicense": "Creative Commons Attribution 4.0 (CC BY 4.0)", "licenseDetail": "", "licenseSource": "https//sentinel.esa.int/documents/247904/690755/Sentinel_Data_Legal_Notice", "boundarySourceURL": "https//env1.arcgis.com/arcgis/rest/services/Sentinel2_10m_LandCover/ImageServer", "sourceDataUpdateDate": "Thu Jan 19 07:31:04 2023", "buildDate": "Dec 12, 2023", "admUnitCount": "1", "meanVertices": "30008.0", "minVertices": "30008", "maxVertices": "30008", "meanPerimeterLengthKM": "3963.9093295449857", "maxPerimeterLengthKM": "3963.9093295449857", "minPerimeterLengthKM": "3963.9093295449857", "meanAreaSqKM": "23673.36246778117", "minAreaSqKM": "23673.36246778117", "maxAreaSqKM": "23673.36246778117"}